{"PLEX": {"2": [{"losses": {"compo-reg-up": false, "compo-reg-down": false, "compo-dice-up": false, "compo-dice-down": false, "bidir-cons-reg": false, "bidir-cons-dice": false}, "way": "up", "dice_up": 0.8869768381118774, "dice_down": 0.8936913013458252, "dice_sum": 0.9201927781105042, "dice_weighted": 0.9201927781105042, "hauss_up": 8.629174254871213, "hauss_down": 8.983499576920426, "hauss_sum": 3.8799547957139713, "hauss_weighted": 3.8799547957139713, "asd_up": 3.983072268663003, "asd_down": 3.779667399517968, "asd_sum": 0.6721330310928234, "asd_weighted": 0.6721330310928234, "ckpt": "/home/nathan/SeqSeg/voxelmorph_ckpts/labelprop/bench/bench/labelprop-epoch=60-val_accuracy=0.35-04022022-155524.ckpt"}, {"losses": {"compo-reg-up": false, "compo-reg-down": false, "compo-dice-up": false, "compo-dice-down": false, "bidir-cons-reg": false, "bidir-cons-dice": false}, "way": "down", "dice_up": 0.8860069513320923, "dice_down": 0.8964875340461731, "dice_sum": 0.9212339520454407, "dice_weighted": 0.9212339520454407, "hauss_up": 8.715585565850711, "hauss_down": 8.942125099353987, "hauss_sum": 3.846682073639356, "hauss_weighted": 3.846682073639356, "asd_up": 4.008297866570978, "asd_down": 3.754023106610363, "asd_sum": 0.6678336696343782, "asd_weighted": 0.6678336696343782, "ckpt": "/home/nathan/SeqSeg/voxelmorph_ckpts/labelprop/bench/bench/labelprop-epoch=24-val_accuracy=0.26-04022022-161346.ckpt"}, {"losses": {"compo-reg-up": false, "compo-reg-down": false, "compo-dice-up": false, "compo-dice-down": false, "bidir-cons-reg": false, "bidir-cons-dice": false}, "way": "combined", "dice_up": 0.8869768381118774, "dice_down": 0.8964875340461731, "dice_sum": 0.9207667708396912, "dice_weighted": 0.9207667708396912, "hauss_up": 8.629174254871213, "hauss_down": 8.942125099353987, "hauss_sum": 3.897667179465961, "hauss_weighted": 3.897667179465961, "asd_up": 3.983072268663003, "asd_down": 3.754023106610363, "asd_sum": 0.6613301964298739, "asd_weighted": 0.6613301964298739, "ckpt": "/home/nathan/SeqSeg/voxelmorph_ckpts/labelprop/bench/bench/labelprop-epoch=60-val_accuracy=0.35-04022022-155524.ckpt + /home/nathan/SeqSeg/voxelmorph_ckpts/labelprop/bench/bench/labelprop-epoch=24-val_accuracy=0.26-04022022-161346.ckpt"}, {"losses": {"compo-reg-up": false, "compo-reg-down": false, "compo-dice-up": true, "compo-dice-down": false, "bidir-cons-reg": false, "bidir-cons-dice": false}, "way": "up", "dice_up": 0.8991461396217346, "dice_down": 0.8918770551681519, "dice_sum": 0.9156545400619507, "dice_weighted": 0.9156545400619507, "hauss_up": 7.958762796946804, "hauss_down": 9.031964760169478, "hauss_sum": 4.522754007012579, "hauss_weighted": 4.522754007012579, "asd_up": 3.857097514644126, "asd_down": 3.7865344699622177, "asd_sum": 0.7060872228623551, "asd_weighted": 0.7060872228623551, "ckpt": "/home/nathan/SeqSeg/voxelmorph_ckpts/labelprop/bench/bench/labelprop-epoch=199-val_accuracy=0.96-04022022-163204.ckpt"}]}}